"ID","NAME","ACTIVE","COUNTRY","AGE"
"2000380721","Max Brightwood","1","CR","28"
"2000380722","Barry Price","1","DE","30"
"2000380723","Wally Steward","1","HN","56"
"2000380724","Hilberth Guevara","1","GT","63"
"2000380725","Esteban Fuentes","1","NI","19"
"2000380726","Hilberth Fuentes","1","PA","76"
"2000380727","Mark Wood","1","BZ","43"
"2000380728","Jofra Archer","1","MX","35"
"2000380729","Juan Pablo","1","CO","26"
"2000380730","Pablo Perez","1","VE","54"
"2000380731","Gery Ramirez","1","PE","34"
"2000380732","Juan Perez","1","CL","42"
"2000380733","Johnnatan Rodriguez","1","AR","23"